2026-07-31,1,=,CORTIS - REDRED,101,1,(x87),"91,996",+526,"650,823","-2,061","10,698,196"
2026-07-31,2,=,RESCENE - LOVE ATTACK,70,2,(x22),"79,906","-3,461","562,954",-66,"4,101,564"
2026-07-31,3,+1,JENNIE - Less than a Lover,6,3,(x2),"72,597",+718,"412,247","+72,597","412,247"
2026-07-31,4,-1,RESCENE - Pretty Girl,22,3,(x10),"70,873","-1,845","508,078",+801,"1,367,244"
2026-07-31,5,=,aespa - LEMONADE,62,2,(x13),"60,736",+507,"424,344",+555,"4,794,534"
2026-07-31,6,=,ILLIT - It's Me,91,2,(x15),"59,773",+327,"425,111",+531,"6,481,280"
2026-07-31,7,=,Jimin - Who,741,1,(x548),"55,880","-2,179","380,804","+1,041","102,676,838"
2026-07-31,8,=,ATEEZ - BAD,30,7,,"50,747",+249,"341,922","+1,727","1,180,760"
2026-07-31,9,+4,HANRORO - 0+0,315,1,(x5),"50,511","+2,543","349,008",+132,"15,443,218"
2026-07-31,10,-1,Hearts2Hearts - Lemon Tang,38,2,(x3),"50,148",+340,"348,788",+937,"2,164,387"
2026-07-31,11,-1,RESCENE - Deja Vu,59,10,,"49,195",-322,"329,188","+2,331","1,521,382"
2026-07-31,12,+2,Hearts2Hearts - RUDE!,160,1,(x18),"48,002",+805,"330,926","+1,672","9,807,665"
2026-07-31,13,-2,HANRORO - Landing in Love,380,1,(x1),"47,787",-463,"336,871",-423,"16,741,321"
2026-07-31,14,-2,I.O.I - Suddenly,71,4,,"47,266",-969,"340,228","-1,800","4,008,383"
2026-07-31,15,+1,fromis_9 - Vitamin ME,9,15,,"40,113","+1,224","229,445","+11,162","277,631"
2026-07-31,16,+2,HANRORO - Let Me Love My Youth,383,6,,"38,101",+738,"263,670",-888,"10,505,405"
2026-07-31,17,=,KiiiKiii - 404 (New Era),185,1,(x5),"37,614",+173,"260,645",+433,"8,951,029"
2026-07-31,18,+1,WOODZ - Drowning,666,7,,"37,546",+637,"261,077",+454,"15,054,164"
2026-07-31,19,-4,Nerd Connection - If I have you only (My love X Nerd Connection),987,15,,"36,768","-2,373","258,610","-1,220","12,414,245"
2026-07-31,20,=,Jung Kook - Seven (w/ Latto),1112,1,(x120),"36,589","+1,710","250,312","+1,080","70,493,442"
2026-07-31,21,=,YENA - Catch Catch,135,10,,"34,957",+186,"240,751","+2,019","5,041,755"
2026-07-31,22,+1,Jin - Don’t Say You Love Me,440,1,(x11),"34,685",+845,"236,674",+989,"23,496,036"
2026-07-31,23,-1,TAEYEON - Bansanka,31,10,,"33,799",-131,"242,465","-2,780","1,151,127"
2026-07-31,24,+1,NMIXX - Heavy Serenade,80,3,(x2),"33,285",+276,"227,499","+1,123","3,792,416"
2026-07-31,25,-1,OFFICIAL HIGE DANDISM - Pretender,766,19,,"33,011",-803,"230,950",+488,"11,901,719"
2026-07-31,26,=,BTS - SWIM,132,1,(x25),"32,368",-310,"224,178",-680,"7,351,519"
2026-07-31,27,=,RESCENE - Runaway,61,17,,"31,611",-753,"224,941",-614,"1,456,889"
2026-07-31,28,+2,Redoor - Forever Has Always Been,438,17,,"31,191",+258,"210,948",+629,"8,909,437"
2026-07-31,29,-1,Epik High - Love Love Love,260,5,,"30,462","-1,384","213,717",+132,"8,223,335"
2026-07-31,30,+2,Hearts2Hearts - STYLE,407,8,,"30,110",+690,"197,706",+555,"11,536,990"
2026-07-31,31,=,JANNABI - for lovers who hesitate,1801,26,,"29,963",-141,"204,043",+125,"10,737,372"
2026-07-31,32,+3,데이먼스 이어 Damons year - yours,1371,6,,"29,466",+921,"202,630",-595,"18,781,543"
2026-07-31,33,-4,"Woo - We Are (w/ Loco, GRAY)",589,15,,"29,386","-1,933","218,871","-2,436","7,237,352"
2026-07-31,34,-1,AKMU - Paradise of Rumors,114,1,(x7),"28,974",-418,"205,297",+353,"5,438,049"
2026-07-31,35,-1,tuki. - 晩餐歌,777,31,,"28,737",-29,"198,968",+677,"8,165,986"
2026-07-31,36,+3,Nerd Connection - ‎Good Night Good Dream,772,28,,"28,609","+1,879","194,653",+819,"7,946,791"
2026-07-31,37,=,ILLIT - Magnetic,857,1,(x11),"28,348",+45,"199,053","+1,240","20,409,722"
2026-07-31,38,-2,Ariana Grande - hate that i made you love me,62,15,,"28,317",-201,"188,456","+1,739","1,871,867"
2026-07-31,39,-1,CORTIS - GO!,303,6,,"28,120",+293,"194,775",-748,"7,300,423"
2026-07-31,40,+13,Post Malone - Sunflower - Spider-Man: Into the Spider-Verse (w/ Swae Lee),1716,31,,"26,628","+4,800","153,317","+4,841","9,826,737"
2026-07-31,41,+1,VINXEN - FLYING HIGH WITH U,164,21,,"26,380",+989,"173,079","+2,053","3,693,080"
2026-07-31,42,-2,CORTIS - ACAI,87,32,,"26,035",+236,"178,641",-39,"2,025,964"
2026-07-31,43,-2,Justin Bieber - Beauty And A Beat (w/ Nicki Minaj),108,14,,"25,563",+152,"179,261",-494,"3,081,208"
2026-07-31,44,+3,aespa - KISS N TELL,6,44,,"25,428","+1,754","114,634","+25,428","114,634"
2026-07-31,45,-1,LEE CHANHYUK - Endangered Love,370,11,,"25,341",+99,"174,597","+1,340","9,245,424"
2026-07-31,46,-3,"NOWIMYOUNG - KISS KISS KISS (Feat. SUNWOO (THE BOYZ)) (Prod. by Hukky Shibaseki) (w/ Royal 44, SUNWOO)",132,2,(x6),"25,056",-251,"177,881",-894,"6,052,544"
2026-07-31,47,+1,Hearts2Hearts - FOCUS,283,6,,"24,940","+1,278","161,484",+682,"9,021,525"
2026-07-31,48,-3,Lim Young Woong - Eternal Moment,335,16,,"24,778",-170,"173,113",+367,"7,608,960"
2026-07-31,49,=,CORTIS - FaSHioN,258,12,,"23,717",+207,"164,048",+49,"4,666,672"
2026-07-31,50,+1,hamo - 아크라포빅 (Akrapovic),166,4,,"23,648",+520,"164,298",-326,"5,842,572"
