2026-08-29,1,+2,Ariana Grande - hate that i made you love me,90,1,(x54),"34,635",-754,"249,275","-5,038","5,017,514"
2026-08-29,2,-1,Jin - Don’t Say You Love Me,469,1,(x381),"33,650","-10,851","318,944","-30,411","55,306,808"
2026-08-29,3,-1,Jimin - Who,770,1,(x146),"28,885","-9,159","231,164","-5,336","57,852,602"
2026-08-29,4,+3,ADÉLA - Ain't In LA,32,4,,"27,573",+95,"184,655",+85,"724,629"
2026-08-29,5,+1,ENHYPEN - Bloody Paradise,7,3,(x1),"26,974",-683,"203,301","+26,974","203,301"
2026-08-29,6,+3,马也_Crabbit - 海屿你,18,6,,"26,929",+513,"178,214",+317,"471,430"
2026-08-29,7,-3,Malcolm Todd - Earrings,197,2,(x1),"26,225","-2,350","197,674","-3,869","4,682,501"
2026-08-29,8,+2,Jess Lee - 甲乙丙丁 - 你我怎么两清,36,8,,"25,865",+103,"161,634","+5,098","582,938"
2026-08-29,9,-1,Olivia Rodrigo - the cure,98,3,(x9),"25,859","-1,470","185,751","-3,311","3,045,477"
2026-08-29,10,-5,Olivia Rodrigo - stupid song,78,2,(x11),"25,773","-2,298","188,577","-3,482","2,646,929"
2026-08-29,11,+1,Katy Perry - The One That Got Away,203,4,,"25,158",+826,"164,655","+1,503","4,221,563"
2026-08-29,12,+2,Justin Bieber - Beauty And A Beat (w/ Nicki Minaj),706,1,(x3),"24,181","+1,260","164,661",-211,"9,713,074"
2026-08-29,13,+10,Bruno Mars - Risk It All,182,2,(x18),"24,034","+5,121","138,359","+2,846","6,203,547"
2026-08-29,14,-3,KATSEYE - Animal,35,1,(x1),"23,387","-1,511","179,911","-7,521","1,181,306"
2026-08-29,15,=,Olivia Rodrigo - drop dead,133,3,(x7),"21,306","-1,202","150,092","-1,759","4,342,456"
2026-08-29,16,+2,sombr - back to friends,538,4,,"21,204","+1,621","135,152",+716,"16,565,887"
2026-08-29,17,+8,Lady Gaga - Die With A Smile (w/ Bruno Mars),742,1,(x18),"20,523","+1,895","128,629","+1,048","32,285,163"
2026-08-29,18,-2,Temper City - Self Aware,145,10,,"20,166",-551,"142,553","-1,007","2,603,223"
2026-08-29,19,-6,KATSEYE - Hootie Frutti,14,5,,"19,782","-4,284","172,727","-8,779","344,711"
2026-08-29,20,+6,ATEEZ - BAD,62,14,,"19,088",+544,"128,109",-957,"1,120,208"
2026-08-29,21,+8,JENNIE - Less than a Lover,35,1,(x1),"18,819",+911,"125,315","-3,838","1,023,745"
2026-08-29,22,=,LBI利比 - 跳楼机,571,1,(x79),"18,803",-253,"131,044","-1,093","24,200,153"
2026-08-29,23,-6,Steve Lacy - oh yeah?,26,4,,"18,760","-1,818","148,545","-5,274","592,859"
2026-08-29,24,+3,Ravyn Lenae - Love Me Not,523,15,,"18,546",+19,"126,351",-132,"9,276,165"
2026-08-29,25,-6,BTS - SWIM,161,1,(x10),"18,536","-1,003","131,849","-2,403","5,637,723"
2026-08-29,26,-6,Tame Impala - Loser,26,13,,"18,339","-1,031","139,937","-3,497","503,811"
2026-08-29,27,+4,Post Malone - Sunflower - Spider-Man: Into the Spider-Verse (w/ Swae Lee),2061,1,(x8),"18,136",+558,"124,703",-182,"25,436,677"
2026-08-29,28,=,PARTYNEXTDOOR - Some of Your Love,7,11,,"17,392","-1,059","146,338","+17,392","146,338"
2026-08-29,29,-5,Ariana Grande - petal,28,3,(x9),"17,121","-1,694","129,797","-4,523","819,496"
2026-08-29,30,=,张远 - 看着我的眼睛说,453,6,,"17,107",-531,"118,491","-1,368","10,839,892"
2026-08-29,31,-10,BIGBANG - BiiiG,9,9,,"17,093","-2,261","135,425","-10,728","183,623"
2026-08-29,32,+3,Shawn Mendes - Treat You Better,1880,3,(x12),"16,629",+743,"110,720",+546,"18,808,333"
2026-08-29,33,-1,Billie Eilish - BIRDS OF A FEATHER,833,1,(x21),"16,266",-868,"114,316",-742,"30,869,615"
2026-08-29,34,-1,CORTIS - REDRED,130,6,,"16,159",-402,"113,936",+404,"2,858,137"
2026-08-29,35,+6,The Script - The Man Who Can't Be Moved,734,22,,"16,155","+1,279","102,962","+1,229","8,241,156"
2026-08-29,36,+1,Djo - End of Beginning,858,3,(x11),"16,036",+444,"106,894",+149,"17,459,909"
2026-08-29,37,-3,Taylor Swift - The Fate of Ophelia,329,1,(x1),"15,926",-160,"111,140",-987,"11,739,329"
2026-08-29,38,+5,Akbar Chalay - Astaga Bercanda (w/ Mingse),36,38,,"15,468","+1,169","89,965","+3,867","397,866"
2026-08-29,39,+14,Jung Kook - Seven (w/ Latto),1141,1,(x177),"15,336","+2,320","102,573","+2,643","41,908,010"
2026-08-29,40,+6,Mac Miller - Cinderella (w/ Ty Dolla $ign),90,31,,"15,146","+1,278","94,723","+2,019","1,195,542"
2026-08-29,41,+4,Ariana Grande - we can't be friends (wait for your love),903,1,(x16),"15,144",+940,"92,519","+1,677","21,233,452"
2026-08-29,42,+10,Maroon 5 - Payphone (w/ Wiz Khalifa),2461,14,,"14,976","+1,933","91,806","+1,761","19,991,386"
2026-08-29,43,-4,Dominic Fike - Babydoll,195,8,,"14,955",+13,"105,323",-947,"3,786,893"
2026-08-29,44,-8,The Goo Goo Dolls - Iris,756,24,,"14,913",-781,"108,462","-2,272","9,141,744"
2026-08-29,45,+21,Dua Lipa - Training Season,84,32,,"14,819","+3,186","70,685","+6,091","941,315"
2026-08-29,46,-2,Olivia Dean - So Easy (To Fall In Love),331,3,(x3),"14,754",+482,"97,978",+298,"7,866,487"
2026-08-29,47,-5,Gigi Perez - Sailor Song,747,8,,"14,750",+111,"97,998",+510,"13,608,706"
2026-08-29,48,-8,"LE SSERAFIM - ICONIC BY MISTAKE (w/ ILLIT, KATSEYE)",77,4,,"14,338",-544,"102,642","-1,711","1,837,506"
2026-08-29,49,-11,Olivia Rodrigo - honeybee,78,7,,"14,309","-1,129","102,293","-1,301","1,723,466"
2026-08-29,50,-1,The 1975 - About You,1167,21,,"14,265",+729,"93,105",-91,"13,506,680"
